id,precipitation
10001,0.55
10003,0.55
10005,0.55
11001,0.55
12001,0.65
12003,0.65
12005,0.45
12007,0.65
12009,0.65
12011,0.65
12013,0.55
12015,0.65
12017,0.65
12019,0.55
12021,0.75
12023,0.65
12027,0.75
12029,0.55
12031,0.55
12033,0.45
12035,0.65
12037,0.55
12039,0.55
12041,0.65
12043,0.75
12045,0.55
12047,0.65
12049,0.75
12051,0.75
12053,0.65
12055,0.75
12057,0.65
12059,0.55
12061,0.65
12063,0.55
12065,0.55
12067,0.65
12069,0.65
12071,0.65
12073,0.55
12075,0.65
12077,0.55
12079,0.65
12081,0.65
12083,0.65
12085,0.65
12086,0.65
12087,0.65
12089,0.65
12091,0.45
12093,0.75
12095,0.65
12097,0.65
12099,0.65
12101,0.65
12103,0.55
12105,0.65
12107,0.65
12109,0.65
12111,0.65
12113,0.45
12115,0.65
12117,0.65
12119,0.65
12121,0.65
12123,0.55
12125,0.65
12127,0.65
12129,0.55
12131,0.45
12133,0.55
13001,0.65
13003,0.65
13005,0.65
13007,0.65
13009,0.65
13011,0.55
13013,0.55
13015,0.55
13017,0.65
13019,0.65
13021,0.65
13023,0.65
13025,0.65
13027,0.65
13029,0.65
13031,0.65
13033,0.65
13035,0.65
13037,0.65
13039,0.65
13043,0.65
13045,0.55
13047,0.55
13049,0.65
13051,0.65
13053,0.65
13055,0.55
13057,0.55
13059,0.55
13061,0.55
13063,0.55
13065,0.65
13067,0.55
13069,0.65
13071,0.65
13073,0.65
13075,0.65
13077,0.55
13079,0.65
13081,0.65
13083,0.45
13085,0.45
13087,0.65
13089,0.55
13091,0.65
13093,0.65
13095,0.65
13097,0.55
13099,0.65
13101,0.65
13103,0.65
13105,0.55
13107,0.65
13109,0.65
13111,0.45
13113,0.55
13115,0.55
13117,0.45
13119,0.55
13121,0.55
13123,0.45
13125,0.65
13127,0.65
13129,0.55
13131,0.65
13133,0.65
13135,0.55
13137,0.45
13139,0.45
13141,0.65
13143,0.55
13145,0.65
13147,0.55
13149,0.55
13151,0.55
13153,0.65
13155,0.65
13157,0.55
13159,0.65
13161,0.65
13163,0.65
13165,0.65
13167,0.65
13169,0.65
13171,0.65
13173,0.65
13175,0.65
13177,0.65
13179,0.65
13181,0.65
13183,0.65
13185,0.65
13187,0.45
13189,0.65
13191,0.65
13193,0.65
13195,0.55
13197,0.65
13199,0.55
13201,0.65
13205,0.65
13207,0.65
13209,0.65
13211,0.65
13213,0.45
13215,0.65
13217,0.55
13219,0.55
13221,0.55
13223,0.55
13225,0.65
13227,0.45
13229,0.65
13231,0.55
13233,0.55
13235,0.65
13237,0.65
13239,0.65
13241,0.35
13243,0.65
13245,0.65
13247,0.55
13249,0.65
13251,0.65
13253,0.65
13255,0.55
13257,0.55
13259,0.65
13261,0.65
13263,0.65
13265,0.65
13267,0.65
13269,0.65
13271,0.65
13273,0.65
13275,0.65
13277,0.65
13279,0.65
13281,0.45
13283,0.65
13285,0.55
13287,0.65
13289,0.65
13291,0.45
13293,0.65
13295,0.45
13297,0.55
13299,0.65
13301,0.65
13303,0.65
13305,0.65
13307,0.65
13309,0.65
13311,0.45
13313,0.55
13315,0.65
13317,0.65
13319,0.65
13321,0.65
16001,0.95
16003,0.55
16005,0.75
16007,0.65
16009,0.55
16011,0.95
16013,0.75
16015,0.55
16017,0.55
16019,0.75
16021,0.45
16023,0.75
16025,0.65
16027,1.15
16029,0.65
16031,0.85
16033,0.65
16035,0.45
16037,0.55
16039,0.75
16041,0.75
16043,0.65
16045,0.85
16047,0.95
16049,0.55
16051,0.95
16053,1.05
16055,0.55
16057,0.65
16059,0.65
16061,0.65
16063,0.95
16065,0.95
16067,1.05
16069,0.85
16071,0.75
16073,0.85
16075,1.05
16077,0.85
16079,0.35
16081,0.75
16083,0.95
16085,0.45
16087,0.65
17001,0.65
17003,0.55
17005,0.65
17007,0.65
17009,0.65
17011,0.65
17013,0.65
17015,0.65
17017,0.65
17019,0.65
17021,0.65
17023,0.65
17025,0.65
17027,0.65
17029,0.65
17031,0.55
17033,0.65
17035,0.65
17037,0.65
17039,0.65
17041,0.65
17043,0.55
17045,0.65
17047,0.65
17049,0.65
17051,0.65
17053,0.65
17055,0.65
17057,0.65
17059,0.65
17061,0.65
17063,0.65
17065,0.65
17067,0.65
17069,0.55
17071,0.65
17073,0.65
17075,0.65
17077,0.65
17079,0.65
17081,0.65
17083,0.65
17085,0.65
17087,0.55
17089,0.65
17091,0.65
17093,0.65
17095,0.65
17097,0.55
17099,0.65
17101,0.55
17103,0.65
17105,0.65
17107,0.65
17109,0.65
17111,0.65
17113,0.65
17115,0.65
17117,0.65
17119,0.65
17121,0.65
17123,0.65
17125,0.65
17127,0.55
17129,0.65
17131,0.65
17133,0.65
17135,0.65
17137,0.65
17139,0.65
17141,0.65
17143,0.65
17145,0.65
17147,0.65
17149,0.65
17151,0.55
17153,0.65
17155,0.65
17157,0.65
17159,0.65
17161,0.65
17163,0.65
17165,0.65
17167,0.65
17169,0.65
17171,0.65
17173,0.65
17175,0.65
17177,0.65
17179,0.65
17181,0.55
17183,0.65
17185,0.65
17187,0.65
17189,0.65
17191,0.65
17193,0.65
17195,0.65
17197,0.65
17199,0.55
17201,0.65
17203,0.65
18001,0.65
18003,0.65
18005,0.55
18007,0.65
18009,0.65
18011,0.65
18013,0.55
18015,0.65
18017,0.65
18019,0.55
18021,0.55
18023,0.65
18025,0.55
18027,0.55
18029,0.55
18031,0.55
18033,0.65
18035,0.65
18037,0.55
18039,0.65
18041,0.55
18043,0.55
18045,0.65
18047,0.55
18049,0.65
18051,0.65
18053,0.65
18055,0.55
18057,0.55
18059,0.55
18061,0.55
18063,0.55
18065,0.55
18067,0.65
18069,0.65
18071,0.55
18073,0.65
18075,0.65
18077,0.55
18079,0.55
18081,0.55
18083,0.55
18085,0.65
18087,0.65
18089,0.55
18091,0.55
18093,0.55
18095,0.65
18097,0.55
18099,0.65
18101,0.55
18103,0.65
18105,0.55
18107,0.65
18109,0.55
18111,0.65
18113,0.65
18115,0.55
18117,0.55
18119,0.55
18121,0.55
18123,0.55
18125,0.55
18127,0.55
18129,0.65
18131,0.65
18133,0.55
18135,0.65
18137,0.55
18139,0.55
18141,0.55
18143,0.55
18145,0.65
18147,0.55
18149,0.55
18151,0.65
18153,0.55
18155,0.55
18157,0.65
18159,0.65
18161,0.55
18163,0.55
18165,0.55
18167,0.55
18169,0.65
18171,0.65
18173,0.55
18175,0.55
18177,0.55
18179,0.65
18181,0.65
18183,0.65
19001,0.65
19003,0.65
19005,0.65
19007,0.65
19009,0.75
19011,0.65
19013,0.65
19015,0.65
19017,0.65
19019,0.65
19021,0.75
19023,0.65
19025,0.75
19027,0.75
19029,0.75
19031,0.65
19033,0.65
19035,0.75
19037,0.65
19039,0.65
19041,0.75
19043,0.65
19045,0.65
19047,0.75
19049,0.65
19051,0.65
19053,0.65
19055,0.65
19057,0.65
19059,0.75
19061,0.65
19063,0.75
19065,0.65
19067,0.65
19069,0.65
19071,0.75
19073,0.75
19075,0.65
19077,0.65
19079,0.65
19081,0.65
19083,0.65
19085,0.75
19087,0.65
19089,0.65
19091,0.75
19093,0.75
19095,0.65
19097,0.65
19099,0.65
19101,0.65
19103,0.65
19105,0.65
19107,0.65
19109,0.75
19111,0.65
19113,0.65
19115,0.65
19117,0.65
19119,0.75
19121,0.65
19123,0.65
19125,0.65
19127,0.65
19129,0.75
19131,0.65
19133,0.75
19135,0.65
19137,0.65
19139,0.65
19141,0.75
19143,0.75
19145,0.65
19147,0.75
19149,0.75
19151,0.75
19153,0.65
19155,0.75
19157,0.65
19159,0.65
19161,0.75
19163,0.65
19165,0.75
19167,0.75
19169,0.65
19171,0.65
19173,0.65
19175,0.65
19177,0.65
19179,0.65
19181,0.65
19183,0.65
19185,0.65
19187,0.65
19189,0.65
19191,0.65
19193,0.75
19195,0.65
19197,0.65
20001,0.65
20003,0.65
20005,0.65
20007,0.85
20009,0.95
20011,0.65
20013,0.75
20015,0.75
20017,0.75
20019,0.65
20021,0.65
20023,1.05
20025,0.95
20027,0.75
20029,0.85
20031,0.65
20033,0.85
20035,0.75
20037,0.65
20039,0.95
20041,0.75
20043,0.65
20045,0.65
20047,0.95
20049,0.65
20051,0.95
20053,0.85
20055,1.05
20057,0.95
20059,0.65
20061,0.75
20063,0.95
20065,0.95
20067,1.05
20069,1.05
20071,1.05
20073,0.75
20075,1.05
20077,0.85
20079,0.85
20081,1.05
20083,0.95
20085,0.75
20087,0.65
20089,0.85
20091,0.65
20093,1.05
20095,0.85
20097,0.95
20099,0.65
20101,1.05
20103,0.65
20105,0.85
20107,0.65
20109,1.05
20111,0.75
20113,0.75
20115,0.75
20117,0.75
20119,1.05
20121,0.65
20123,0.85
20125,0.65
20127,0.75
20129,1.05
20131,0.75
20133,0.65
20135,0.95
20137,0.95
20139,0.65
20141,0.85
20143,0.85
20145,0.95
20147,0.95
20149,0.65
20151,0.95
20153,0.95
20155,0.85
20157,0.85
20159,0.85
20161,0.75
20163,0.95
20165,0.95
20167,0.85
20169,0.75
20171,1.05
20173,0.85
20175,1.05
20177,0.65
20179,0.95
20181,1.05
20183,0.85
20185,0.95
20187,1.15
20189,1.05
20191,0.85
20193,1.05
20195,0.95
20197,0.65
20199,1.05
20201,0.75
20203,1.05
20205,0.65
20207,0.65
20209,0.65
21001,0.55
21003,0.55
21005,0.55
21007,0.55
21009,0.55
21011,0.55
21013,0.55
21015,0.55
21017,0.55
21019,0.55
21021,0.55
21023,0.55
21025,0.55
21027,0.55
21029,0.55
21031,0.55
21033,0.55
21035,0.55
21037,0.55
21039,0.55
21041,0.55
21043,0.55
21045,0.55
21047,0.55
21049,0.55
21051,0.55
21053,0.55
21055,0.55
21057,0.55
21059,0.55
21061,0.55
21063,0.55
21065,0.55
21067,0.55
21069,0.55
21071,0.55
21073,0.55
21075,0.55
21077,0.55
21079,0.55
21081,0.55
21083,0.55
21085,0.55
21087,0.55
21089,0.65
21091,0.55
21093,0.55
21095,0.45
21097,0.55
21099,0.55
21101,0.55
21103,0.55
21105,0.55
21107,0.55
21109,0.55
21111,0.55
21113,0.55
21115,0.55
21117,0.55
21119,0.55
21121,0.55
21123,0.55
21125,0.55
21127,0.55
21129,0.55
21131,0.55
21133,0.55
21135,0.55
21137,0.55
21139,0.55
21141,0.55
21143,0.55
21145,0.55
21147,0.55
21149,0.65
21151,0.55
21153,0.55
21155,0.55
21157,0.55
21159,0.55
21161,0.55
21163,0.55
21165,0.55
21167,0.55
21169,0.55
21171,0.55
21173,0.55
21175,0.55
21177,0.55
21179,0.55
21181,0.55
21183,0.55
21185,0.55
21187,0.55
21189,0.55
21191,0.55
21193,0.55
21195,0.55
21197,0.55
21199,0.55
21201,0.55
21203,0.55
21205,0.55
21207,0.55
21209,0.55
21211,0.55
21213,0.55
21215,0.55
21217,0.55
21219,0.55
21221,0.55
21223,0.55
21225,0.65
21227,0.55
21229,0.55
21231,0.55
21233,0.65
21235,0.55
21237,0.55
21239,0.55
22001,0.55
22003,0.55
22005,0.55
22007,0.55
22009,0.55
22011,0.55
22013,0.55
22015,0.55
22017,0.65
22019,0.55
22021,0.55
22023,0.55
22025,0.55
22027,0.55
22029,0.55
22031,0.55
22033,0.55
22035,0.65
22037,0.55
22039,0.55
22041,0.55
22043,0.55
22045,0.55
22047,0.55
22049,0.55
22051,0.45
22053,0.55
22055,0.55
22057,0.55
22059,0.55
22061,0.55
22063,0.55
22065,0.65
22067,0.55
22069,0.55
22071,0.45
22073,0.55
22075,0.45
22077,0.55
22079,0.55
22081,0.55
22083,0.55
22085,0.55
22087,0.45
22089,0.45
22091,0.55
22093,0.55
22095,0.45
22097,0.55
22099,0.55
22101,0.55
22103,0.45
22105,0.55
22107,0.55
22109,0.45
22111,0.55
22113,0.55
22115,0.55
22117,0.55
22119,0.55
22121,0.55
22123,0.65
22125,0.55
22127,0.55
23001,0.45
23003,0.45
23005,0.45
23007,0.35
23009,0.45
23011,0.45
23013,0.45
23015,0.45
23017,0.45
23019,0.45
23021,0.35
23023,0.45
23025,0.35
23027,0.45
23029,0.35
23031,0.45
24001,0.65
24003,0.55
24005,0.55
24009,0.55
24011,0.65
24013,0.55
24015,0.55
24017,0.55
24019,0.55
24021,0.55
24023,0.45
24025,0.55
24027,0.55
24029,0.55
24031,0.55
24033,0.55
24035,0.55
24037,0.55
24039,0.55
24041,0.55
24043,0.65
24045,0.55
24047,0.55
24510,0.05
25001,0.45
25003,0.45
25005,0.45
25007,0.45
25009,0.45
25011,0.45
25013,0.45
25015,0.45
25017,0.45
25019,0.45
25021,0.45
25023,0.45
25025,0.45
25027,0.45
26001,0.65
26003,0.55
26005,0.55
26007,0.65
26009,0.55
26011,0.65
26013,0.55
26015,0.65
26017,0.65
26019,0.55
26021,0.55
26023,0.65
26025,0.65
26027,0.65
26029,0.55
26031,0.65
26033,0.55
26035,0.65
26037,0.65
26039,0.55
26041,0.65
26043,0.65
26045,0.65
26047,0.55
26049,0.65
26051,0.65
26053,0.55
26055,0.55
26057,0.65
26059,0.65
26061,0.55
26063,0.65
26065,0.65
26067,0.65
26069,0.65
26071,0.55
26073,0.65
26075,0.65
26077,0.55
26079,0.55
26081,0.55
26083,0.55
26085,0.55
26087,0.65
26089,0.55
26091,0.65
26093,0.65
26095,0.55
26097,0.55
26099,0.65
26101,0.55
26103,0.55
26105,0.55
26107,0.55
26109,0.65
26111,0.65
26113,0.65
26115,0.65
26117,0.65
26119,0.65
26121,0.55
26123,0.55
26125,0.65
26127,0.55
26129,0.65
26131,0.55
26133,0.55
26135,0.65
26137,0.55
26139,0.55
26141,0.65
26143,0.65
26145,0.65
26147,0.65
26149,0.65
26151,0.65
26153,0.55
26155,0.65
26157,0.65
26159,0.55
26161,0.65
26163,0.55
26165,0.55
27001,0.65
27003,0.65
27005,0.65
27007,0.65
27009,0.65
27011,0.85
27013,0.65
27015,0.75
27017,0.55
27019,0.65
27021,0.65
27023,0.75
27025,0.65
27027,0.75
27029,0.65
27031,0.55
27033,0.75
27035,0.65
27037,0.65
27039,0.65
27041,0.65
27043,0.65
27045,0.55
27047,0.65
27049,0.65
27051,0.75
27053,0.55
27055,0.55
27057,0.65
27059,0.65
27061,0.55
27063,0.75
27065,0.65
27067,0.75
27069,0.85
27071,0.65
27073,0.85
27075,0.55
27077,0.65
27079,0.65
27081,0.75
27083,0.75
27085,0.65
27087,0.75
27089,0.75
27091,0.75
27093,0.65
27095,0.65
27097,0.65
27099,0.65
27101,0.75
27103,0.75
27105,0.75
27107,0.75
27109,0.65
27111,0.65
27113,0.75
27115,0.55
27117,0.75
27119,0.75
27121,0.75
27123,0.55
27125,0.75
27127,0.75
27129,0.75
27131,0.65
27133,0.75
27135,0.75
27137,0.55
27139,0.65
27141,0.65
27143,0.75
27145,0.65
27147,0.65
27149,0.75
27151,0.75
27153,0.65
27155,0.85
27157,0.65
27159,0.65
27161,0.65
27163,0.55
27165,0.75
27167,0.85
27169,0.55
27171,0.65
27173,0.75
28001,0.55
28003,0.55
28005,0.55
28007,0.55
28009,0.45
28011,0.65
28013,0.55
28015,0.55
28017,0.55
28019,0.55
28021,0.55
28023,0.55
28025,0.55
28027,0.55
28029,0.55
28031,0.55
28033,0.55
28035,0.55
28037,0.55
28039,0.55
28041,0.55
28043,0.55
28045,0.45
28047,0.45
28049,0.55
28051,0.55
28053,0.55
28055,0.65
28057,0.55
28059,0.45
28061,0.55
28063,0.55
28065,0.55
28067,0.55
28069,0.55
28071,0.55
28073,0.55
28075,0.55
28077,0.55
28079,0.55
28081,0.55
28083,0.55
28085,0.55
28087,0.55
28089,0.55
28091,0.55
28093,0.55
28095,0.55
28097,0.55
28099,0.55
28101,0.55
28103,0.55
28105,0.55
28107,0.55
28109,0.55
28111,0.55
28113,0.55
28115,0.55
28117,0.55
28119,0.55
28121,0.55
28123,0.55
28125,0.65
28127,0.55
28129,0.55
28131,0.45
28133,0.55
28135,0.55
28137,0.55
28139,0.45
28141,0.55
28143,0.55
28145,0.55
28147,0.55
28149,0.55
28151,0.55
28153,0.55
28155,0.55
28157,0.55
28159,0.55
28161,0.55
28163,0.55
29001,0.65
29003,0.65
29005,0.75
29007,0.65
29009,0.65
29011,0.65
29013,0.65
29015,0.65
29017,0.65
29019,0.65
29021,0.65
29023,0.65
29025,0.65
29027,0.65
29029,0.65
29031,0.65
29033,0.65
29035,0.65
29037,0.65
29039,0.65
29041,0.65
29043,0.65
29045,0.65
29047,0.65
29049,0.65
29051,0.65
29053,0.65
29055,0.65
29057,0.65
29059,0.65
29061,0.65
29063,0.65
29065,0.65
29067,0.65
29069,0.65
29071,0.65
29073,0.65
29075,0.65
29077,0.65
29079,0.65
29081,0.65
29083,0.65
29085,0.65
29087,0.65
29089,0.65
29091,0.65
29093,0.65
29095,0.65
29097,0.65
29099,0.65
29101,0.65
29103,0.65
29105,0.65
29107,0.65
29109,0.65
29111,0.65
29113,0.65
29115,0.65
29117,0.65
29119,0.65
29121,0.65
29123,0.65
29125,0.65
29127,0.65
29129,0.65
29131,0.65
29133,0.65
29135,0.65
29137,0.65
29139,0.65
29141,0.65
29143,0.65
29145,0.65
29147,0.65
29149,0.65
29151,0.65
29153,0.65
29155,0.65
29157,0.65
29159,0.65
29161,0.65
29163,0.65
29165,0.65
29167,0.65
29169,0.65
29171,0.65
29173,0.65
29175,0.65
29177,0.65
29179,0.65
29181,0.65
29183,0.65
29185,0.65
29186,0.65
29187,0.65
29189,0.65
29195,0.65
29197,0.65
29199,0.65
29201,0.65
29203,0.65
29205,0.65
29207,0.65
29209,0.65
29211,0.65
29213,0.65
29215,0.65
29217,0.65
29219,0.65
29221,0.65
29223,0.65
29225,0.65
29227,0.65
29229,0.65
29510,0.65
30001,0.75
30003,0.85
30005,0.95
30007,0.85
30009,0.75
30011,0.85
30013,0.95
30015,1.05
30017,0.95
30019,1.05
30021,1.05
30023,0.65
30025,0.95
30027,0.95
30029,0.45
30031,0.65
30033,0.95
30035,0.65
30037,0.95
30039,0.65
30041,1.05
30043,0.85
30045,0.85
30047,0.75
30049,0.75
30051,1.05
30053,0.55
30055,1.05
30057,0.75
30059,0.75
30061,0.45
30063,0.65
30065,0.95
30067,0.65
30069,0.95
30071,1.05
30073,0.95
30075,0.95
30077,0.65
30079,0.95
30081,0.55
30083,1.05
30085,1.05
30087,0.95
30089,0.65
30091,0.95
30093,0.75
30095,0.85
30097,0.75
30099,0.85
30101,1.05
30103,0.95
30105,1.05
30107,0.95
30109,0.95
30111,0.95
31001,0.85
31003,0.85
31005,0.95
31007,1.05
31009,0.85
31011,0.85
31013,1.05
31015,0.85
31017,0.85
31019,0.85
31021,0.75
31023,0.75
31025,0.75
31027,0.85
31029,1.05
31031,0.95
31033,1.05
31035,0.85
31037,0.75
31039,0.75
31041,0.85
31043,0.75
31045,0.95
31047,0.95
31049,1.05
31051,0.75
31053,0.75
31055,0.75
31057,0.95
31059,0.85
31061,0.85
31063,0.95
31065,0.95
31067,0.75
31069,0.95
31071,0.85
31073,0.95
31075,0.95
31077,0.85
31079,0.85
31081,0.85
31083,0.95
31085,0.95
31087,0.95
31089,0.85
31091,0.85
31093,0.85
31095,0.75
31097,0.75
31099,0.85
31101,0.95
31103,0.85
31105,1.05
31107,0.85
31109,0.75
31111,0.95
31113,0.85
31115,0.85
31117,0.95
31119,0.85
31121,0.85
31123,0.95
31125,0.85
31127,0.75
31129,0.85
31131,0.75
31133,0.75
31135,1.05
31137,0.95
31139,0.85
31141,0.85
31143,0.85
31145,0.95
31147,0.75
31149,0.85
31151,0.75
31153,0.75
31155,0.75
31157,1.05
31159,0.85
31161,0.95
31163,0.85
31165,0.95
31167,0.75
31169,0.85
31171,0.85
31173,0.75
31175,0.85
31177,0.75
31179,0.85
31181,0.85
31183,0.85
31185,0.85
32001,0.95
32003,0.95
32005,0.75
32007,0.75
32009,0.85
32011,0.85
32013,0.85
32015,0.85
32017,0.85
32019,0.95
32021,0.85
32023,0.85
32027,0.85
32029,0.75
32031,0.75
32033,0.85
32510,0.75
33001,0.45
33003,0.45
33005,0.45
33007,0.35
33009,0.45
33011,0.45
33013,0.45
33015,0.45
33017,0.45
33019,0.45
34001,0.55
34003,0.45
34005,0.55
34007,0.55
34009,0.55
34011,0.55
34013,0.45
34015,0.55
34017,0.45
34019,0.45
34021,0.45
34023,0.45
34025,0.45
34027,0.45
34029,0.45
34031,0.45
34033,0.55
34035,0.45
34037,0.45
34039,0.45
34041,0.45
35001,0.95
35003,0.95
35005,0.85
35006,0.85
35007,0.85
35009,1.05
35011,1.05
35013,0.85
35015,0.85
35017,0.85
35019,1.05
35021,0.95
35023,0.85
35025,0.95
35027,0.95
35028,0.85
35029,0.85
35031,0.95
35033,0.85
35035,0.85
35037,0.95
35039,0.85
35041,1.05
35043,0.85
35045,0.95
35047,0.95
35049,0.95
35051,0.85
35053,0.95
35055,0.75
35057,0.95
35059,0.95
35061,0.95
36001,0.55
36003,0.55
36005,0.45
36007,0.55
36009,0.45
36011,0.55
36013,0.45
36015,0.55
36017,0.45
36019,0.55
36021,0.55
36023,0.45
36025,0.45
36027,0.45
36029,0.45
36031,0.45
36033,0.45
36035,0.45
36037,0.55
36039,0.45
36041,0.35
36043,0.35
36045,0.45
36047,0.45
36049,0.35
36051,0.55
36053,0.45
36055,0.55
36057,0.55
36059,0.45
36061,0.05
36063,0.55
36065,0.45
36067,0.45
36069,0.55
36071,0.45
36073,0.65
36075,0.45
36077,0.45
36079,0.45
36081,0.45
36083,0.45
36085,0.45
36087,0.45
36089,0.45
36091,0.45
36093,0.55
36095,0.55
36097,0.55
36099,0.55
36101,0.55
36103,0.45
36105,0.45
36107,0.55
36109,0.55
36111,0.45
36113,0.45
36115,0.55
36117,0.55
36119,0.45
36121,0.55
36123,0.55
37001,0.55
37003,0.55
37005,0.45
37007,0.65
37009,0.45
37011,0.45
37013,0.55
37015,0.65
37017,0.65
37019,0.55
37021,0.55
37023,0.55
37025,0.55
37027,0.55
37029,0.55
37031,0.45
37033,0.55
37035,0.55
37037,0.55
37039,0.45
37041,0.55
37043,0.45
37045,0.55
37047,0.65
37049,0.55
37051,0.65
37053,0.55
37055,0.55
37057,0.55
37059,0.55
37061,0.55
37063,0.55
37065,0.65
37067,0.55
37069,0.55
37071,0.55
37073,0.55
37075,0.45
37077,0.55
37079,0.65
37081,0.55
37083,0.65
37085,0.55
37087,0.45
37089,0.45
37091,0.55
37093,0.65
37095,0.55
37097,0.55
37099,0.45
37101,0.65
37103,0.55
37105,0.55
37107,0.65
37109,0.55
37111,0.55
37113,0.35
37115,0.55
37117,0.65
37119,0.55
37121,0.45
37123,0.65
37125,0.55
37127,0.55
37129,0.45
37131,0.65
37133,0.55
37135,0.55
37137,0.55
37139,0.55
37141,0.55
37143,0.55
37145,0.55
37147,0.65
37149,0.55
37151,0.55
37153,0.55
37155,0.65
37157,0.55
37159,0.65
37161,0.55
37163,0.65
37165,0.65
37167,0.55
37169,0.55
37171,0.55
37173,0.45
37175,0.35
37177,0.65
37179,0.55
37181,0.55
37183,0.55
37185,0.55
37187,0.55
37189,0.45
37191,0.65
37193,0.55
37195,0.65
37197,0.55
37199,0.45
38001,0.95
38003,0.85
38005,0.85
38007,0.95
38009,0.85
38011,0.95
38013,0.95
38015,0.85
38017,0.85
38019,0.85
38021,0.85
38023,0.95
38025,0.95
38027,0.85
38029,0.95
38031,0.85
38033,0.95
38035,0.85
38037,0.95
38039,0.85
38041,0.95
38043,0.85
38045,0.85
38047,0.85
38049,0.85
38051,0.85
38053,0.95
38055,0.85
38057,0.95
38059,0.95
38061,0.95
38063,0.85
38065,0.95
38067,0.85
38069,0.85
38071,0.85
38073,0.85
38075,0.95
38077,0.85
38079,0.85
38081,0.85
38083,0.85
38085,0.95
38087,0.95
38089,0.95
38091,0.85
38093,0.85
38095,0.85
38097,0.85
38099,0.85
38101,0.85
38103,0.95
38105,0.95
39001,0.55
39003,0.65
39005,0.55
39007,0.55
39009,0.65
39011,0.65
39013,0.55
39015,0.55
39017,0.55
39019,0.55
39021,0.65
39023,0.65
39025,0.55
39027,0.65
39029,0.55
39031,0.55
39033,0.65
39035,0.55
39037,0.65
39039,0.65
39041,0.65
39043,0.65
39045,0.65
39047,0.65
39049,0.55
39051,0.65
39053,0.65
39055,0.55
39057,0.65
39059,0.55
39061,0.55
39063,0.65
39065,0.65
39067,0.55
39069,0.65
39071,0.55
39073,0.65
39075,0.55
39077,0.65
39079,0.65
39081,0.55
39083,0.55
39085,0.55
39087,0.65
39089,0.55
39091,0.65
39093,0.55
39095,0.65
39097,0.65
39099,0.55
39101,0.65
39103,0.55
39105,0.65
39107,0.65
39109,0.65
39111,0.55
39113,0.55
39115,0.55
39117,0.55
39119,0.55
39121,0.55
39123,0.65
39125,0.65
39127,0.55
39129,0.65
39131,0.65
39133,0.55
39135,0.65
39137,0.65
39139,0.55
39141,0.65
39143,0.65
39145,0.65
39147,0.65
39149,0.65
39151,0.55
39153,0.55
39155,0.55
39157,0.55
39159,0.65
39161,0.65
39163,0.65
39165,0.55
39167,0.55
39169,0.65
39171,0.65
39173,0.65
39175,0.65
40001,0.55
40003,0.85
40005,0.65
40007,0.95
40009,0.85
40011,0.85
40013,0.65
40015,0.85
40017,0.85
40019,0.75
40021,0.65
40023,0.65
40025,1.05
40027,0.65
40029,0.65
40031,0.85
40033,0.85
40035,0.65
40037,0.65
40039,0.85
40041,0.65
40043,0.85
40045,0.85
40047,0.85
40049,0.75
40051,0.75
40053,0.85
40055,0.75
40057,0.85
40059,0.95
40061,0.65
40063,0.65
40065,0.85
40067,0.85
40069,0.65
40071,0.75
40073,0.85
40075,0.85
40077,0.55
40079,0.55
40081,0.65
40083,0.75
40085,0.75
40087,0.75
40089,0.55
40091,0.65
40093,0.85
40095,0.65
40097,0.65
40099,0.75
40101,0.65
40103,0.75
40105,0.65
40107,0.65
40109,0.75
40111,0.65
40113,0.65
40115,0.65
40117,0.65
40119,0.75
40121,0.65
40123,0.65
40125,0.65
40127,0.55
40129,0.85
40131,0.65
40133,0.65
40135,0.65
40137,0.75
40139,1.05
40141,0.95
40143,0.65
40145,0.65
40147,0.65
40149,0.85
40151,0.85
40153,0.85
41001,0.75
41003,0.45
41005,0.35
41007,0.15
41009,0.35
41011,0.35
41013,0.85
41015,0.15
41017,0.75
41019,0.45
41021,0.85
41023,0.75
41025,0.85
41027,0.35
41029,0.65
41031,0.75
41033,0.45
41035,0.75
41037,0.85
41039,0.35
41041,0.25
41043,0.35
41045,0.85
41047,0.35
41049,0.85
41051,0.35
41053,0.35
41055,0.95
41057,0.15
41059,0.75
41061,0.65
41063,0.65
41065,0.75
41067,0.45
41069,0.75
41071,0.45
42001,0.55
42003,0.55
42005,0.55
42007,0.55
42009,0.55
42011,0.55
42013,0.55
42015,0.55
42017,0.45
42019,0.55
42021,0.45
42023,0.55
42025,0.45
42027,0.55
42029,0.55
42031,0.45
42033,0.55
42035,0.55
42037,0.55
42039,0.45
42041,0.55
42043,0.55
42045,0.45
42047,0.45
42049,0.45
42051,0.55
42053,0.45
42055,0.55
42057,0.55
42059,0.55
42061,0.55
42063,0.45
42065,0.45
42067,0.55
42069,0.45
42071,0.55
42073,0.55
42075,0.55
42077,0.45
42079,0.45
42081,0.55
42083,0.45
42085,0.55
42087,0.55
42089,0.45
42091,0.45
42093,0.55
42095,0.45
42097,0.55
42099,0.55
42101,0.45
42103,0.45
42105,0.55
42107,0.45
42109,0.55
42111,0.45
42113,0.45
42115,0.45
42117,0.55
42119,0.55
42121,0.55
42123,0.45
42125,0.55
42127,0.45
42129,0.55
42131,0.55
42133,0.55
44001,0.05
44003,0.45
44005,0.05
44007,0.45
44009,0.45
45001,0.65
45003,0.65
45005,0.65
45007,0.55
45009,0.65
45011,0.65
45013,0.55
45015,0.65
45017,0.65
45019,0.55
45021,0.55
45023,0.65
45025,0.65
45027,0.65
45029,0.65
45031,0.65
45033,0.65
45035,0.65
45037,0.65
45039,0.65
45041,0.65
45043,0.55
45045,0.45
45047,0.65
45049,0.65
45051,0.65
45053,0.65
45055,0.65
45057,0.65
45059,0.65
45061,0.65
45063,0.55
45065,0.65
45067,0.65
45069,0.65
45071,0.65
45073,0.45
45075,0.65
45077,0.45
45079,0.65
45081,0.65
45083,0.55
45085,0.65
45087,0.65
45089,0.65
45091,0.55
46003,0.95
46005,0.95
46007,0.95
46009,0.85
46011,0.75
46013,0.85
46015,0.95
46017,0.95
46019,0.95
46021,0.85
46023,0.85
46025,0.85
46027,0.85
46029,0.75
46031,0.95
46033,0.85
46035,0.95
46037,0.85
46039,0.75
46041,0.95
46043,0.85
46045,0.85
46047,0.95
46049,0.95
46051,0.85
46053,0.85
46055,0.95
46057,0.75
46059,0.95
46061,0.85
46063,0.95
46065,0.95
46067,0.85
46069,0.85
46071,0.95
46073,0.95
46075,0.95
46077,0.85
46079,0.85
46081,0.75
46083,0.85
46085,0.95
46087,0.85
46089,0.85
46091,0.85
46093,0.95
46095,0.95
46097,0.85
46099,0.85
46101,0.85
46102,0.95
46103,0.85
46105,0.95
46107,0.95
46109,0.85
46111,0.85
46115,0.95
46117,0.95
46119,0.95
46121,0.85
46123,0.85
46125,0.85
46127,0.85
46129,0.85
46135,0.85
46137,0.95
47001,0.45
47003,0.55
47005,0.55
47007,0.45
47009,0.55
47011,0.55
47013,0.45
47015,0.55
47017,0.55
47019,0.55
47021,0.55
47023,0.55
47025,0.55
47027,0.55
47029,0.55
47031,0.45
47033,0.55
47035,0.45
47037,0.55
47039,0.55
47041,0.55
47043,0.55
47045,0.55
47047,0.55
47049,0.45
47051,0.45
47053,0.55
47055,0.45
47057,0.55
47059,0.65
47061,0.45
47063,0.55
47065,0.45
47067,0.55
47069,0.55
47071,0.55
47073,0.55
47075,0.55
47077,0.55
47079,0.55
47081,0.55
47083,0.55
47085,0.55
47087,0.55
47089,0.55
47091,0.55
47093,0.55
47095,0.55
47097,0.55
47099,0.45
47101,0.55
47103,0.55
47105,0.55
47107,0.45
47109,0.55
47111,0.55
47113,0.55
47115,0.45
47117,0.55
47119,0.55
47121,0.45
47123,0.45
47125,0.55
47127,0.45
47129,0.45
47131,0.55
47133,0.55
47135,0.55
47137,0.55
47139,0.45
47141,0.45
47143,0.45
47145,0.55
47147,0.55
47149,0.55
47151,0.45
47153,0.45
47155,0.55
47157,0.55
47159,0.55
47161,0.55
47163,0.55
47165,0.55
47167,0.55
47169,0.55
47171,0.55
47173,0.55
47175,0.45
47177,0.55
47179,0.65
47181,0.45
47183,0.55
47185,0.45
47187,0.55
47189,0.55
48001,0.65
48003,0.95
48005,0.65
48007,0.75
48009,0.85
48011,0.85
48013,0.85
48015,0.75
48017,1.05
48019,0.75
48021,0.75
48023,0.85
48025,0.85
48027,0.85
48029,0.85
48031,0.75
48033,0.85
48035,0.75
48037,0.65
48039,0.65
48041,0.75
48043,0.85
48045,0.85
48047,0.85
48049,0.75
48051,0.75
48053,0.75
48055,0.75
48057,0.75
48059,0.75
48061,0.95
48063,0.65
48065,0.95
48067,0.65
48069,1.05
48071,0.65
48073,0.65
48075,0.85
48077,0.85
48079,0.95
48081,0.75
48083,0.75
48085,0.75
48087,0.85
48089,0.75
48091,0.75
48093,0.85
48095,0.75
48097,0.75
48099,0.75
48101,0.75
48103,0.85
48105,0.75
48107,1.05
48109,0.85
48111,1.05
48113,0.75
48115,1.05
48117,1.05
48119,0.65
48121,0.75
48123,0.75
48125,0.85
48127,0.85
48129,0.85
48131,0.85
48133,0.75
48135,0.85
48137,0.75
48139,0.75
48141,0.95
48143,0.75
48145,0.85
48147,0.65
48149,0.75
48151,0.85
48153,1.05
48155,0.75
48157,0.75
48159,0.65
48161,0.75
48163,0.85
48165,1.05
48167,0.55
48169,0.85
48171,0.75
48173,0.85
48175,0.75
48177,0.75
48179,0.95
48181,0.65
48183,0.65
48185,0.75
48187,0.75
48189,1.05
48191,0.85
48193,0.75
48195,1.05
48197,0.75
48199,0.55
48201,0.65
48203,0.65
48205,1.05
48207,0.95
48209,0.75
48211,0.85
48213,0.75
48215,0.95
48217,0.85
48219,1.05
48221,0.85
48223,0.65
48225,0.75
48227,0.95
48229,0.85
48231,0.65
48233,0.95
48235,0.75
48237,0.75
48239,0.75
48241,0.55
48243,0.85
48245,0.55
48247,0.95
48249,0.85
48251,0.75
48253,0.95
48255,0.85
48257,0.75
48259,0.65
48261,0.85
48263,0.75
48265,0.75
48267,0.75
48269,0.75
48271,0.75
48273,0.85
48275,0.85
48277,0.65
48279,1.05
48281,0.75
48283,0.85
48285,0.75
48287,0.75
48289,0.75
48291,0.65
48293,0.75
48295,0.95
48297,0.85
48299,0.75
48301,0.85
48303,1.05
48305,1.05
48307,0.75
48309,0.85
48311,0.85
48313,0.75
48315,0.65
48317,0.95
48319,0.75
48321,0.65
48323,0.85
48325,0.75
48327,0.75
48329,0.85
48331,0.75
48333,0.75
48335,0.85
48337,0.75
48339,0.65
48341,1.05
48343,0.65
48345,0.85
48347,0.65
48349,0.75
48351,0.55
48353,0.75
48355,0.85
48357,0.95
48359,0.85
48361,0.55
48363,0.85
48365,0.65
48367,0.75
48369,1.05
48371,0.85
48373,0.65
48375,0.85
48377,0.85
48379,0.65
48381,1.05
48383,0.85
48385,0.75
48387,0.65
48389,0.85
48391,0.75
48393,0.85
48395,0.75
48397,0.75
48399,0.85
48401,0.65
48403,0.65
48405,0.65
48407,0.65
48409,0.85
48411,0.75
48413,0.75
48415,0.95
48417,0.85
48419,0.65
48421,1.05
48423,0.65
48425,0.85
48427,0.95
48429,0.85
48431,0.75
48433,0.75
48435,0.75
48437,1.05
48439,0.75
48441,0.85
48443,0.85
48445,1.05
48447,0.85
48449,0.65
48451,0.75
48453,0.75
48455,0.65
48457,0.55
48459,0.65
48461,0.85
48463,0.75
48465,0.75
48467,0.75
48469,0.75
48471,0.65
48473,0.75
48475,0.85
48477,0.75
48479,0.85
48481,0.75
48483,0.85
48485,0.85
48487,0.85
48489,0.95
48491,0.85
48493,0.85
48495,0.85
48497,0.75
48499,0.65
48501,0.95
48503,0.85
48505,0.95
48507,0.85
49001,0.85
49003,0.85
49005,0.65
49007,0.85
49009,0.85
49011,0.85
49013,0.75
49015,0.95
49017,0.85
49019,0.85
49021,0.85
49023,0.85
49025,0.95
49027,0.85
49029,0.65
49031,0.85
49033,0.75
49035,0.75
49037,0.95
49039,0.75
49041,0.85
49043,0.65
49045,0.85
49047,0.85
49049,0.85
49051,0.65
49053,0.85
49055,0.95
49057,0.75
50001,0.45
50003,0.35
50005,0.45
50007,0.45
50009,0.45
50011,0.45
50013,0.45
50015,0.35
50017,0.45
50019,0.35
50021,0.45
50023,0.45
50025,0.35
50027,0.45
51001,0.55
51003,0.55
51005,0.65
51007,0.65
51009,0.55
51011,0.55
51013,0.05
51015,0.55
51017,0.55
51019,0.55
51021,0.55
51023,0.65
51025,0.65
51027,0.55
51029,0.65
51031,0.55
51033,0.65
51035,0.55
51036,0.55
51037,0.55
51041,0.55
51043,0.65
51045,0.55
51047,0.65
51049,0.65
51051,0.55
51053,0.65
51057,0.65
51059,0.55
51061,0.65
51063,0.55
51065,0.65
51067,0.55
51069,0.65
51071,0.55
51073,0.55
51075,0.65
51077,0.55
51079,0.55
51081,0.65
51083,0.55
51085,0.65
51087,0.55
51089,0.55
51091,0.55
51093,0.55
51095,0.55
51097,0.65
51099,0.55
51101,0.65
51103,0.55
51105,0.55
51107,0.55
51109,0.65
51111,0.65
51113,0.55
51115,0.55
51117,0.55
51119,0.55
51121,0.65
51125,0.55
51127,0.65
51131,0.55
51133,0.55
51135,0.65
51137,0.65
51139,0.65
51141,0.55
51143,0.55
51145,0.65
51147,0.65
51149,0.65
51153,0.55
51155,0.65
51157,0.55
51159,0.55
51161,0.55
51163,0.55
51165,0.65
51167,0.55
51169,0.55
51171,0.65
51173,0.55
51175,0.65
51177,0.65
51179,0.65
51181,0.55
51183,0.65
51185,0.55
51187,0.65
51191,0.55
51193,0.55
51195,0.45
51197,0.65
51199,0.55
51510,0.05
51520,0.05
51530,0.05
51540,0.05
51550,0.55
51570,0.05
51580,0.05
51590,0.55
51595,0.05
51600,0.05
51610,0.05
51620,0.05
51630,0.05
51640,0.05
51650,0.55
51660,0.05
51670,0.05
51678,0.05
51680,0.55
51683,0.05
51685,0.05
51690,0.05
51700,0.55
51710,0.05
51720,0.05
51730,0.65
51735,0.55
51740,0.05
51750,0.05
51760,0.55
51770,0.55
51775,0.05
51790,0.05
51800,0.55
51810,0.55
51820,0.05
51830,0.05
51840,0.05
53001,1.05
53003,0.85
53005,1.05
53007,0.45
53009,0.25
53011,0.35
53013,0.75
53015,0.25
53017,0.95
53019,0.75
53021,1.05
53023,0.85
53025,1.05
53027,0.15
53029,0.05
53031,0.25
53033,0.25
53035,0.45
53037,0.55
53039,0.75
53041,0.35
53043,0.95
53045,0.25
53047,0.65
53049,0.25
53051,0.55
53053,0.35
53055,0.65
53057,0.25
53059,0.15
53061,0.25
53063,0.65
53065,0.75
53067,0.45
53069,0.25
53071,0.95
53073,0.25
53075,0.95
53077,0.75
54001,0.45
54003,0.65
54005,0.55
54007,0.55
54009,0.55
54011,0.55
54013,0.55
54015,0.55
54017,0.55
54019,0.55
54021,0.55
54023,0.55
54025,0.55
54027,0.65
54029,0.55
54031,0.65
54033,0.55
54035,0.65
54037,0.65
54039,0.55
54041,0.55
54043,0.55
54045,0.55
54047,0.55
54049,0.55
54051,0.55
54053,0.65
54055,0.55
54057,0.65
54059,0.55
54061,0.55
54063,0.65
54065,0.65
54067,0.45
54069,0.55
54071,0.55
54073,0.55
54075,0.45
54077,0.45
54079,0.65
54081,0.55
54083,0.45
54085,0.55
54087,0.55
54089,0.65
54091,0.55
54093,0.45
54095,0.55
54097,0.45
54099,0.55
54101,0.45
54103,0.55
54105,0.55
54107,0.55
54109,0.55
55001,0.65
55003,0.55
55005,0.55
55007,0.55
55009,0.65
55011,0.55
55013,0.55
55015,0.65
55017,0.65
55019,0.55
55021,0.65
55023,0.65
55025,0.65
55027,0.65
55029,0.65
55031,0.55
55033,0.65
55035,0.55
55037,0.55
55039,0.65
55041,0.55
55043,0.65
55045,0.65
55047,0.65
55049,0.65
55051,0.55
55053,0.55
55055,0.65
55057,0.65
55059,0.65
55061,0.65
55063,0.55
55065,0.65
55067,0.55
55069,0.55
55071,0.65
55073,0.55
55075,0.65
55077,0.65
55078,0.65
55079,0.55
55081,0.55
55083,0.65
55085,0.55
55087,0.65
55089,0.65
55091,0.55
55093,0.65
55095,0.55
55097,0.65
55099,0.55
55101,0.65
55103,0.65
55105,0.65
55107,0.55
55109,0.65
55111,0.65
55113,0.55
55115,0.65
55117,0.65
55119,0.55
55121,0.55
55123,0.55
55125,0.55
55127,0.65
55129,0.55
55131,0.65
55133,0.55
55135,0.65
55137,0.65
55139,0.65
55141,0.65
56001,0.75
56003,0.85
56005,0.95
56007,0.75
56009,0.95
56011,0.85
56013,0.75
56015,1.05
56017,0.85
56019,0.85
56021,0.95
56023,0.65
56025,0.85
56027,0.95
56029,0.65
56031,0.95
56033,0.85
56035,0.65
56037,0.85
56039,0.45
56041,0.85
56043,0.85
56045,0.85
04015,0.85
08021,0.75
06069,0.95
04023,0.75
08057,0.65
06089,0.55
05037,0.65
08007,0.75
04005,0.85
01013,0.55
06091,0.45
08121,1.05
06019,0.85
06005,0.65
06017,0.55
05065,0.65
06053,0.85
08045,0.75
01031,0.55
08105,0.85
08087,1.05
08039,0.95
05025,0.55
06071,0.95
08085,0.95
06103,0.65
05115,0.65
05141,0.55
08089,1.05
08119,0.75
01103,0.55
05043,0.55
05125,0.55
06057,0.45
01003,0.45
06109,0.55
01085,0.55
08095,1.05
08125,1.05
01057,0.55
01133,0.45
06083,0.85
06105,0.45
04012,0.95
08101,1.05
08003,0.95
05081,0.65
05143,0.55
05119,0.55
05085,0.65
08009,1.05
01021,0.55
05029,0.65
05097,0.55
05023,0.55
01073,0.55
01027,0.55
04007,0.85
05129,0.65
05095,0.65
05111,0.65
06099,1.05
06011,0.95
01017,0.55
06003,0.45
06093,0.65
08083,0.85
01115,0.55
01077,0.55
05007,0.55
08005,1.05
05093,0.65
05049,0.65
01049,0.45
05127,0.55
06015,0.25
01063,0.55
05061,0.55
01019,0.55
08079,0.55
01033,0.55
04019,0.85
04011,0.85
05147,0.65
01101,0.55
01055,0.55
01059,0.45
05083,0.65
06027,0.85
05099,0.55
05109,0.55
01051,0.55
08033,0.75
09007,0.45
06077,1.15
05011,0.55
04021,0.85
04017,0.95
04027,0.95
06025,1.05
06009,0.75
05063,0.65
05067,0.65
05069,0.65
05075,0.65
01105,0.55
08059,0.85
08029,0.85
01015,0.55
04013,0.95
05117,0.65
04009,0.85
08049,0.65
08109,0.85
06007,0.65
08117,0.55
01047,0.55
01035,0.55
05105,0.55
06039,0.85
08051,0.65
08023,0.85
08123,1.05
04003,0.85
05113,0.55
06111,0.85
06059,0.95
08071,0.95
01023,0.55
01119,0.55
05015,0.65
06029,1.05
08107,0.65
05107,0.65
06013,0.95
09009,0.45
05003,0.55
05017,0.55
01111,0.55
09015,0.45
09011,0.45
06031,1.15
06045,0.45
08035,0.85
05009,0.65
08103,0.75
05033,0.55
01083,0.55
05087,0.55
05047,0.65
06097,0.55
06115,0.75
01095,0.45
05059,0.55
01011,0.55
06047,1.15
01113,0.55
05135,0.65
06107,0.85
09001,0.45
06067,1.05
05073,0.65
01117,0.55
06095,0.95
05005,0.65
08014,0.05
08031,0.85
08013,0.75
01025,0.55
01091,0.55
01065,0.55
01075,0.55
01107,0.55
01037,0.55
08069,0.75
08025,1.05
08027,0.75
08041,0.95
01127,0.55
08047,0.75
08055,0.85
01129,0.55
05013,0.55
09013,0.45
01041,0.55
01045,0.55
06075,0.05
08091,0.75
05121,0.65
05145,0.55
01081,0.55
06043,0.75
08017,1.05
06041,0.65
08081,0.75
06101,1.05
08097,0.55
06035,0.75
08099,1.05
01001,0.55
01005,0.55
01097,0.45
08111,0.35
06065,0.95
05021,0.65
05077,0.65
05123,0.65
06063,0.55
05027,0.55
08067,0.75
05103,0.55
05031,0.65
05039,0.55
05045,0.55
01007,0.55
05131,0.65
06085,0.85
01109,0.55
08053,0.55
05057,0.55
06061,0.55
09005,0.45
01061,0.55
01069,0.55
08063,1.05
05149,0.55
05019,0.55
05051,0.55
01093,0.45
06079,0.95
01029,0.55
05133,0.55
06081,0.65
08113,0.75
01089,0.55
06051,0.75
06073,0.85
06055,0.75
05137,0.55
08019,0.55
08061,1.05
05071,0.55
05055,0.65
01131,0.55
01009,0.55
05035,0.55
01079,0.55
06001,0.85
05079,0.65
09003,0.45
08093,0.75
08065,0.55
06113,0.95
08073,1.05
05089,0.65
01125,0.55
05053,0.55
08001,1.05
06033,0.55
05001,0.65
05041,0.65
08037,0.65
01087,0.55
01123,0.55
08075,1.05
08115,1.05
01071,0.45
01039,0.55
06037,0.85
01099,0.55
01121,0.55
08015,0.75
04001,0.95
06021,0.85
06087,0.75
06023,0.35
08043,0.95
08077,0.85
01067,0.55
05139,0.55
06049,0.85
08011,1.05
05091,0.65
01053,0.55
01043,0.45
05101,0.55
04025,0.85
